CREATE DATABASE  IF NOT EXISTS `db_ivy_app` /*!40100 DEFAULT CHARACTER SET utf8mb4 COLLATE utf8mb4_0900_ai_ci */ /*!80016 DEFAULT ENCRYPTION='N' */;
USE `db_ivy_app`;
-- MySQL dump 10.13  Distrib 8.0.32, for Win64 (x86_64)
--
-- Host: localhost    Database: db_ivy_app
-- ------------------------------------------------------
-- Server version	8.0.31

/*!40101 SET @OLD_CHARACTER_SET_CLIENT=@@CHARACTER_SET_CLIENT */;
/*!40101 SET @OLD_CHARACTER_SET_RESULTS=@@CHARACTER_SET_RESULTS */;
/*!40101 SET @OLD_COLLATION_CONNECTION=@@COLLATION_CONNECTION */;
/*!50503 SET NAMES utf8 */;
/*!40103 SET @OLD_TIME_ZONE=@@TIME_ZONE */;
/*!40103 SET TIME_ZONE='+00:00' */;
/*!40014 SET @OLD_UNIQUE_CHECKS=@@UNIQUE_CHECKS, UNIQUE_CHECKS=0 */;
/*!40014 SET @OLD_FOREIGN_KEY_CHECKS=@@FOREIGN_KEY_CHECKS, FOREIGN_KEY_CHECKS=0 */;
/*!40101 SET @OLD_SQL_MODE=@@SQL_MODE, SQL_MODE='NO_AUTO_VALUE_ON_ZERO' */;
/*!40111 SET @OLD_SQL_NOTES=@@SQL_NOTES, SQL_NOTES=0 */;

--
-- Table structure for table `device_table`
--

DROP TABLE IF EXISTS `device_table`;
/*!40101 SET @saved_cs_client     = @@character_set_client */;
/*!50503 SET character_set_client = utf8mb4 */;
CREATE TABLE `device_table` (
  `device_id` int NOT NULL,
  `device_name` varchar(255) NOT NULL,
  `device_icon` text NOT NULL,
  `device_type` varchar(40) NOT NULL,
  PRIMARY KEY (`device_id`)
) ENGINE=InnoDB DEFAULT CHARSET=utf8mb4 COLLATE=utf8mb4_0900_ai_ci;
/*!40101 SET character_set_client = @saved_cs_client */;

--
-- Dumping data for table `device_table`
--

LOCK TABLES `device_table` WRITE;
/*!40000 ALTER TABLE `device_table` DISABLE KEYS */;
INSERT INTO `device_table` VALUES (1,'Master: Thermostat','https://ivy-icon-storage-s3.s3.eu-west-2.amazonaws.com/ivy-icons/thermostat.jpg','Thermostat'),(2,'Front Door','https://ivy-icon-storage-s3.s3.eu-west-2.amazonaws.com/ivy-icons/door.jpg','Door'),(3,'Master: Light','https://ivy-icon-storage-s3.s3.eu-west-2.amazonaws.com/ivy-icons/light-bulb.png','Bulb'),(4,'Living Room: TV','https://ivy-icon-storage-s3.s3.eu-west-2.amazonaws.com/ivy-icons/television.jpg','TV'),(5,'Master: Fan','https://ivy-icon-storage-s3.s3.eu-west-2.amazonaws.com/ivy-icons/fan-ventilation.png','Fan');
/*!40000 ALTER TABLE `device_table` ENABLE KEYS */;
UNLOCK TABLES;

--
-- Table structure for table `event_table`
--

DROP TABLE IF EXISTS `event_table`;
/*!40101 SET @saved_cs_client     = @@character_set_client */;
/*!50503 SET character_set_client = utf8mb4 */;
CREATE TABLE `event_table` (
  `event_id` int NOT NULL,
  `event_name` varchar(40) NOT NULL,
  `event_icon` text NOT NULL,
  PRIMARY KEY (`event_id`)
) ENGINE=InnoDB DEFAULT CHARSET=utf8mb4 COLLATE=utf8mb4_0900_ai_ci;
/*!40101 SET character_set_client = @saved_cs_client */;

--
-- Dumping data for table `event_table`
--

LOCK TABLES `event_table` WRITE;
/*!40000 ALTER TABLE `event_table` DISABLE KEYS */;
INSERT INTO `event_table` VALUES (1,'Notification','https://ivy-icon-storage-s3.s3.eu-west-2.amazonaws.com/ivy-icons/notification.jpg'),(2,'Warning','https://ivy-icon-storage-s3.s3.eu-west-2.amazonaws.com/ivy-icons/warning.png'),(3,'Alert','https://ivy-icon-storage-s3.s3.eu-west-2.amazonaws.com/ivy-icons/alert.jpeg');
/*!40000 ALTER TABLE `event_table` ENABLE KEYS */;
UNLOCK TABLES;

--
-- Table structure for table `log_table`
--

DROP TABLE IF EXISTS `log_table`;
/*!40101 SET @saved_cs_client     = @@character_set_client */;
/*!50503 SET character_set_client = utf8mb4 */;
CREATE TABLE `log_table` (
  `log_id` int NOT NULL AUTO_INCREMENT,
  `timestamp` datetime NOT NULL,
  `device_id` int NOT NULL,
  `event_type_id` int NOT NULL,
  `log_description` text,
  PRIMARY KEY (`log_id`)
) ENGINE=InnoDB AUTO_INCREMENT=1001 DEFAULT CHARSET=utf8mb4 COLLATE=utf8mb4_0900_ai_ci;
/*!40101 SET character_set_client = @saved_cs_client */;

--
-- Dumping data for table `log_table`
--

LOCK TABLES `log_table` WRITE;
/*!40000 ALTER TABLE `log_table` DISABLE KEYS */;
INSERT INTO `log_table` VALUES (501,'2020-01-17 05:37:08',3,3,'Light broken'),(502,'2020-02-04 23:55:21',3,3,'Light broken'),(503,'2020-03-17 02:52:14',3,2,'Light OFF'),(504,'2020-07-10 16:39:58',4,3,'TV on for 10 hours'),(505,'2020-03-07 05:39:33',5,2,'Fan ON at 10 degrees'),(506,'2020-09-18 02:05:31',5,3,'Fan running for 24 hours'),(507,'2020-03-02 03:14:17',4,2,'TV Idle'),(508,'2020-01-01 00:41:36',1,3,'Unit is hot or cold'),(509,'2020-07-17 02:31:36',4,3,'TV on for 10 hours'),(510,'2020-08-05 00:03:41',3,2,'Light OFF'),(511,'2020-01-02 22:52:08',5,2,'Fan ON at 10 degrees'),(512,'2020-08-12 13:40:04',3,1,'Light ON'),(513,'2020-03-30 09:28:06',1,1,'Thermostat ON'),(514,'2020-08-25 13:27:48',2,3,'Door is closed'),(515,'2020-05-31 23:59:25',1,3,'Unit is hot or cold'),(516,'2020-07-13 20:30:38',5,3,'Fan running for 24 hours'),(517,'2020-08-28 16:05:41',2,3,'Door is closed'),(518,'2020-08-03 20:40:06',3,3,'Light broken'),(519,'2020-01-01 07:41:24',4,1,'TV ON'),(520,'2020-08-13 05:58:28',5,3,'Fan running for 24 hours'),(521,'2020-03-02 23:29:40',4,1,'TV ON'),(522,'2020-06-10 20:38:15',1,3,'Unit is hot or cold'),(523,'2020-07-03 01:32:14',4,3,'TV on for 10 hours'),(524,'2020-04-03 01:13:54',1,1,'Thermostat ON'),(525,'2020-09-10 15:31:43',4,1,'TV ON'),(526,'2020-04-06 11:21:03',3,2,'Light OFF'),(527,'2020-02-17 01:39:08',1,1,'Thermostat ON'),(528,'2020-01-09 22:58:50',5,1,'Fan ON'),(529,'2020-09-09 05:29:42',2,3,'Door is closed'),(530,'2020-03-24 10:31:06',3,2,'Light OFF'),(531,'2020-01-19 11:15:40',4,3,'TV on for 10 hours'),(532,'2020-05-11 11:53:39',5,2,'Fan ON at 10 degrees'),(533,'2020-09-08 18:27:05',4,1,'TV ON'),(534,'2020-04-03 08:39:09',4,2,'TV Idle'),(535,'2020-05-12 12:34:08',3,2,'Light OFF'),(536,'2020-07-24 13:22:51',5,1,'Fan ON'),(537,'2020-04-10 04:23:15',4,3,'TV on for 10 hours'),(538,'2020-06-25 09:27:34',5,1,'Fan ON'),(539,'2020-06-28 07:25:50',5,2,'Fan ON at 10 degrees'),(540,'2020-02-11 22:49:43',5,2,'Fan ON at 10 degrees'),(541,'2020-09-08 10:02:56',1,1,'Thermostat ON'),(542,'2020-08-07 21:44:50',5,2,'Fan ON at 10 degrees'),(543,'2020-09-12 09:29:01',3,3,'Light broken'),(544,'2020-01-04 10:03:23',1,2,'Thermostat reaching target'),(545,'2020-04-24 22:54:23',4,3,'TV on for 10 hours'),(546,'2020-01-15 22:25:31',1,2,'Thermostat reaching target'),(547,'2020-03-23 15:55:14',4,3,'TV on for 10 hours'),(548,'2020-08-18 22:55:08',3,1,'Light ON'),(549,'2020-07-18 07:29:43',2,2,'Door open not by you'),(550,'2020-03-02 23:55:31',3,2,'Light OFF'),(551,'2020-08-26 10:50:21',4,1,'TV ON'),(552,'2020-05-19 09:54:26',5,3,'Fan running for 24 hours'),(553,'2020-08-05 19:30:03',5,2,'Fan ON at 10 degrees'),(554,'2020-10-20 12:44:30',3,2,'Light OFF'),(555,'2020-08-20 13:11:09',2,3,'Door is closed'),(556,'2020-05-01 21:50:10',2,3,'Door is closed'),(557,'2020-07-31 04:37:55',5,2,'Fan ON at 10 degrees'),(558,'2020-06-10 08:12:38',2,3,'Door is closed'),(559,'2020-04-15 04:26:51',4,3,'TV on for 10 hours'),(560,'2020-01-26 03:25:50',3,1,'Light ON'),(561,'2020-07-19 03:33:06',3,2,'Light OFF'),(562,'2020-01-17 05:20:14',5,3,'Fan running for 24 hours'),(563,'2020-08-01 20:09:34',2,2,'Door open not by you'),(564,'2020-06-17 14:59:40',2,3,'Door is closed'),(565,'2020-01-19 05:33:32',1,2,'Thermostat reaching target'),(566,'2020-08-31 16:15:08',2,1,'Door is open'),(567,'2020-07-22 06:34:15',2,1,'Door is open'),(568,'2020-05-01 09:01:02',2,1,'Door is open'),(569,'2020-09-22 05:44:04',2,2,'Door open not by you'),(570,'2020-06-17 11:05:14',1,2,'Thermostat reaching target'),(571,'2020-05-28 10:28:56',4,1,'TV ON'),(572,'2020-01-09 15:26:54',2,1,'Door is open'),(573,'2020-04-11 22:55:39',4,2,'TV Idle'),(574,'2020-02-06 20:39:04',4,2,'TV Idle'),(575,'2020-06-13 18:41:35',4,1,'TV ON'),(576,'2020-08-10 02:12:49',3,3,'Light broken'),(577,'2020-09-17 04:26:22',2,1,'Door is open'),(578,'2020-07-28 09:04:42',3,2,'Light OFF'),(579,'2020-06-14 16:57:03',4,1,'TV ON'),(580,'2020-01-07 17:05:33',1,1,'Thermostat ON'),(581,'2020-05-08 06:15:12',5,1,'Fan ON'),(582,'2020-08-15 04:39:20',3,3,'Light broken'),(583,'2020-01-08 07:23:27',5,3,'Fan running for 24 hours'),(584,'2020-09-11 13:04:10',5,3,'Fan running for 24 hours'),(585,'2020-04-03 04:31:38',2,2,'Door open not by you'),(586,'2020-08-13 05:07:12',4,1,'TV ON'),(587,'2020-05-27 19:59:31',3,3,'Light broken'),(588,'2020-07-13 06:28:58',5,3,'Fan running for 24 hours'),(589,'2020-03-18 23:15:23',2,1,'Door is open'),(590,'2020-07-08 07:07:02',1,3,'Unit is hot or cold'),(591,'2020-08-18 14:36:15',1,1,'Thermostat ON'),(592,'2020-01-28 02:49:52',2,2,'Door open not by you'),(593,'2020-01-11 01:27:26',2,3,'Door is closed'),(594,'2020-07-03 18:46:10',4,3,'TV on for 10 hours'),(595,'2020-05-02 05:17:01',4,1,'TV ON'),(596,'2020-09-09 05:12:44',3,1,'Light ON'),(597,'2020-10-25 03:23:36',3,1,'Light ON'),(598,'2020-09-17 01:05:27',2,3,'Door is closed'),(599,'2020-01-03 16:37:42',2,3,'Door is closed'),(600,'2020-08-04 00:05:53',4,2,'TV Idle'),(601,'2020-03-02 15:06:56',4,3,'TV on for 10 hours'),(602,'2020-10-13 22:28:36',1,3,'Unit is hot or cold'),(603,'2020-04-27 22:12:15',2,2,'Door open not by you'),(604,'2020-07-28 11:03:46',1,1,'Thermostat ON'),(605,'2020-09-13 09:22:31',5,2,'Fan ON at 10 degrees'),(606,'2020-08-03 22:15:55',1,1,'Thermostat ON'),(607,'2020-08-28 00:58:12',2,2,'Door open not by you'),(608,'2020-03-28 14:34:04',2,3,'Door is closed'),(609,'2020-07-26 04:36:11',3,1,'Light ON'),(610,'2020-06-28 07:54:55',4,3,'TV on for 10 hours'),(611,'2020-10-11 09:24:45',4,3,'TV on for 10 hours'),(612,'2020-06-27 07:20:42',1,3,'Unit is hot or cold'),(613,'2020-08-02 18:11:03',1,2,'Thermostat reaching target'),(614,'2020-10-11 18:18:26',2,1,'Door is open'),(615,'2020-05-04 15:24:32',3,1,'Light ON'),(616,'2020-10-13 15:16:15',5,2,'Fan ON at 10 degrees'),(617,'2020-08-26 13:12:05',2,1,'Door is open'),(618,'2020-04-20 13:09:12',1,2,'Thermostat reaching target'),(619,'2020-06-11 06:05:35',3,1,'Light ON'),(620,'2020-10-12 07:03:11',1,1,'Thermostat ON'),(621,'2020-01-20 04:01:01',1,1,'Thermostat ON'),(622,'2020-01-02 05:16:48',1,3,'Unit is hot or cold'),(623,'2020-05-17 10:13:42',4,3,'TV on for 10 hours'),(624,'2020-04-30 00:02:15',5,1,'Fan ON'),(625,'2020-07-21 01:07:12',3,3,'Light broken'),(626,'2020-01-03 05:29:36',4,3,'TV on for 10 hours'),(627,'2020-08-27 03:54:44',2,3,'Door is closed'),(628,'2020-01-07 09:11:06',4,1,'TV ON'),(629,'2020-03-31 20:48:13',5,1,'Fan ON'),(630,'2020-07-31 15:13:06',4,1,'TV ON'),(631,'2020-05-01 14:00:30',5,3,'Fan running for 24 hours'),(632,'2020-08-12 01:26:08',2,1,'Door is open'),(633,'2020-06-13 12:01:58',5,3,'Fan running for 24 hours'),(634,'2020-08-22 15:17:44',1,1,'Thermostat ON'),(635,'2020-09-06 19:34:28',5,2,'Fan ON at 10 degrees'),(636,'2020-05-02 16:37:21',1,3,'Unit is hot or cold'),(637,'2020-04-28 10:54:49',1,2,'Thermostat reaching target'),(638,'2020-01-17 09:42:04',5,1,'Fan ON'),(639,'2020-08-29 02:32:59',2,2,'Door open not by you'),(640,'2020-08-04 12:07:35',3,2,'Light OFF'),(641,'2020-05-31 01:29:19',5,2,'Fan ON at 10 degrees'),(642,'2020-09-13 23:04:46',2,3,'Door is closed'),(643,'2020-10-05 10:49:12',5,2,'Fan ON at 10 degrees'),(644,'2020-09-07 12:04:20',1,1,'Thermostat ON'),(645,'2020-02-24 10:17:42',3,1,'Light ON'),(646,'2020-01-01 08:51:40',4,2,'TV Idle'),(647,'2020-08-05 09:48:13',4,2,'TV Idle'),(648,'2020-04-21 10:25:23',1,3,'Unit is hot or cold'),(649,'2020-09-05 18:23:21',4,1,'TV ON'),(650,'2020-04-20 07:33:19',5,2,'Fan ON at 10 degrees'),(651,'2020-04-18 22:10:14',2,1,'Door is open'),(652,'2020-10-26 05:51:52',5,2,'Fan ON at 10 degrees'),(653,'2020-02-11 15:05:36',4,2,'TV Idle'),(654,'2020-01-01 19:37:54',4,3,'TV on for 10 hours'),(655,'2020-07-24 23:34:06',2,1,'Door is open'),(656,'2020-09-01 09:48:44',4,1,'TV ON'),(657,'2020-02-07 00:19:57',1,1,'Thermostat ON'),(658,'2020-10-12 01:20:47',5,1,'Fan ON'),(659,'2020-04-17 13:17:01',3,2,'Light OFF'),(660,'2020-10-10 16:43:56',1,3,'Unit is hot or cold'),(661,'2020-09-07 23:24:06',5,3,'Fan running for 24 hours'),(662,'2020-08-29 01:52:31',5,1,'Fan ON'),(663,'2020-03-30 21:51:16',5,1,'Fan ON'),(664,'2020-08-14 20:32:44',5,1,'Fan ON'),(665,'2020-03-15 13:50:37',1,3,'Unit is hot or cold'),(666,'2020-06-07 05:13:42',4,2,'TV Idle'),(667,'2020-07-16 03:32:31',5,3,'Fan running for 24 hours'),(668,'2020-02-26 22:14:34',4,2,'TV Idle'),(669,'2020-07-17 10:24:31',4,2,'TV Idle'),(670,'2020-05-18 10:54:02',5,1,'Fan ON'),(671,'2020-03-16 07:30:58',5,2,'Fan ON at 10 degrees'),(672,'2020-10-10 03:52:13',1,2,'Thermostat reaching target'),(673,'2020-07-02 00:03:12',2,3,'Door is closed'),(674,'2020-08-28 15:09:10',5,3,'Fan running for 24 hours'),(675,'2020-03-09 21:42:42',3,3,'Light broken'),(676,'2020-03-15 14:52:00',3,1,'Light ON'),(677,'2020-01-21 02:20:32',3,2,'Light OFF'),(678,'2020-04-22 00:31:35',5,2,'Fan ON at 10 degrees'),(679,'2020-08-13 17:32:14',1,2,'Thermostat reaching target'),(680,'2020-07-18 17:07:30',3,2,'Light OFF'),(681,'2020-07-19 09:07:31',3,3,'Light broken'),(682,'2020-08-02 02:37:29',5,3,'Fan running for 24 hours'),(683,'2020-04-15 03:08:49',4,3,'TV on for 10 hours'),(684,'2020-05-05 04:37:23',3,2,'Light OFF'),(685,'2020-09-22 22:29:06',4,2,'TV Idle'),(686,'2020-09-12 21:17:15',1,3,'Unit is hot or cold'),(687,'2020-04-21 15:31:45',1,1,'Thermostat ON'),(688,'2020-03-14 14:35:12',5,2,'Fan ON at 10 degrees'),(689,'2020-07-14 14:43:52',3,1,'Light ON'),(690,'2020-06-27 21:25:58',3,2,'Light OFF'),(691,'2020-08-17 04:26:53',2,3,'Door is closed'),(692,'2020-08-04 18:13:59',2,3,'Door is closed'),(693,'2020-10-03 06:32:01',1,3,'Unit is hot or cold'),(694,'2020-03-27 09:19:27',5,3,'Fan running for 24 hours'),(695,'2020-01-28 08:48:06',2,1,'Door is open'),(696,'2020-03-17 07:12:37',2,1,'Door is open'),(697,'2020-07-18 12:53:47',1,3,'Unit is hot or cold'),(698,'2020-06-10 13:39:42',3,2,'Light OFF'),(699,'2020-10-01 13:27:28',3,3,'Light broken'),(700,'2020-10-30 10:38:46',3,2,'Light OFF'),(701,'2020-04-01 02:14:34',1,1,'Thermostat ON'),(702,'2020-08-26 08:08:59',2,3,'Door is closed'),(703,'2020-03-26 00:50:28',5,2,'Fan ON at 10 degrees'),(704,'2020-07-26 03:39:10',5,3,'Fan running for 24 hours'),(705,'2020-05-01 08:42:25',3,3,'Light broken'),(706,'2020-06-14 20:51:02',5,2,'Fan ON at 10 degrees'),(707,'2020-01-17 16:12:21',5,1,'Fan ON'),(708,'2020-08-02 19:39:23',5,3,'Fan running for 24 hours'),(709,'2020-03-13 15:24:13',2,3,'Door is closed'),(710,'2020-08-22 14:09:08',1,1,'Thermostat ON'),(711,'2020-06-28 06:22:47',5,1,'Fan ON'),(712,'2020-03-05 12:03:15',5,1,'Fan ON'),(713,'2020-07-01 00:25:07',5,1,'Fan ON'),(714,'2020-03-19 03:56:44',1,1,'Thermostat ON'),(715,'2020-05-24 16:23:16',2,3,'Door is closed'),(716,'2020-01-06 19:21:24',1,1,'Thermostat ON'),(717,'2020-05-28 05:47:39',1,3,'Unit is hot or cold'),(718,'2020-08-04 10:37:46',5,1,'Fan ON'),(719,'2020-08-04 17:10:58',4,2,'TV Idle'),(720,'2020-05-20 15:35:31',5,1,'Fan ON'),(721,'2020-04-28 00:01:44',5,3,'Fan running for 24 hours'),(722,'2020-06-10 15:34:50',1,1,'Thermostat ON'),(723,'2020-09-26 09:49:56',4,1,'TV ON'),(724,'2020-07-27 07:32:26',3,3,'Light broken'),(725,'2020-02-05 21:13:40',4,1,'TV ON'),(726,'2020-04-03 00:19:01',2,1,'Door is open'),(727,'2020-04-24 17:24:42',2,2,'Door open not by you'),(728,'2020-10-09 21:06:41',3,1,'Light ON'),(729,'2020-03-15 12:18:30',1,2,'Thermostat reaching target'),(730,'2020-03-17 17:31:21',5,3,'Fan running for 24 hours'),(731,'2020-01-10 02:49:29',1,2,'Thermostat reaching target'),(732,'2020-06-26 05:34:32',2,2,'Door open not by you'),(733,'2020-06-26 23:58:40',5,2,'Fan ON at 10 degrees'),(734,'2020-03-01 02:18:57',1,2,'Thermostat reaching target'),(735,'2020-10-25 22:08:27',3,1,'Light ON'),(736,'2020-08-22 14:14:09',5,3,'Fan running for 24 hours'),(737,'2020-01-18 23:44:11',1,2,'Thermostat reaching target'),(738,'2020-06-29 21:47:16',2,2,'Door open not by you'),(739,'2020-07-07 10:59:54',3,3,'Light broken'),(740,'2020-03-20 19:23:47',3,2,'Light OFF'),(741,'2020-02-05 10:57:58',2,3,'Door is closed'),(742,'2020-08-08 02:59:28',1,2,'Thermostat reaching target'),(743,'2020-01-19 12:46:20',1,2,'Thermostat reaching target'),(744,'2020-03-24 02:26:08',1,3,'Unit is hot or cold'),(745,'2020-04-27 14:38:48',5,3,'Fan running for 24 hours'),(746,'2020-05-11 13:06:01',2,3,'Door is closed'),(747,'2020-01-24 04:44:35',4,2,'TV Idle'),(748,'2020-01-26 07:38:18',4,2,'TV Idle'),(749,'2020-02-08 01:49:02',2,3,'Door is closed'),(750,'2020-05-31 07:34:20',4,3,'TV on for 10 hours'),(751,'2020-01-15 04:56:17',5,3,'Fan running for 24 hours'),(752,'2020-10-25 11:20:19',2,2,'Door open not by you'),(753,'2020-08-25 11:11:57',4,3,'TV on for 10 hours'),(754,'2020-08-10 09:35:31',4,3,'TV on for 10 hours'),(755,'2020-10-12 04:31:37',4,2,'TV Idle'),(756,'2020-02-08 04:50:15',1,3,'Unit is hot or cold'),(757,'2020-09-25 13:43:07',1,1,'Thermostat ON'),(758,'2020-08-29 06:48:21',4,2,'TV Idle'),(759,'2020-01-21 17:13:11',5,3,'Fan running for 24 hours'),(760,'2020-01-08 08:35:38',4,2,'TV Idle'),(761,'2020-07-25 04:37:49',2,2,'Door open not by you'),(762,'2020-02-19 20:42:04',3,3,'Light broken'),(763,'2020-02-08 00:26:19',5,3,'Fan running for 24 hours'),(764,'2020-06-10 00:10:11',4,3,'TV on for 10 hours'),(765,'2020-03-06 12:59:03',3,2,'Light OFF'),(766,'2020-07-06 06:07:21',1,1,'Thermostat ON'),(767,'2020-01-24 01:29:32',2,1,'Door is open'),(768,'2020-05-21 17:39:03',4,1,'TV ON'),(769,'2020-03-14 10:13:40',3,1,'Light ON'),(770,'2020-09-26 18:39:47',1,3,'Unit is hot or cold'),(771,'2020-05-27 18:26:32',2,2,'Door open not by you'),(772,'2020-02-15 02:58:49',1,1,'Thermostat ON'),(773,'2020-10-25 06:27:47',1,1,'Thermostat ON'),(774,'2020-02-07 22:17:34',3,2,'Light OFF'),(775,'2020-08-18 05:04:13',4,1,'TV ON'),(776,'2020-01-20 03:33:45',1,3,'Unit is hot or cold'),(777,'2020-02-25 21:11:23',3,1,'Light ON'),(778,'2020-05-30 19:34:24',1,2,'Thermostat reaching target'),(779,'2020-03-07 10:24:29',5,3,'Fan running for 24 hours'),(780,'2020-01-11 17:13:29',4,2,'TV Idle'),(781,'2020-05-23 00:01:55',2,1,'Door is open'),(782,'2020-04-18 07:57:43',3,3,'Light broken'),(783,'2020-01-07 20:01:25',1,3,'Unit is hot or cold'),(784,'2020-01-27 04:25:51',4,2,'TV Idle'),(785,'2020-01-06 01:57:11',3,1,'Light ON'),(786,'2020-07-06 12:49:13',5,2,'Fan ON at 10 degrees'),(787,'2020-05-20 05:15:20',3,2,'Light OFF'),(788,'2020-04-12 13:54:14',4,3,'TV on for 10 hours'),(789,'2020-01-24 04:46:44',2,3,'Door is closed'),(790,'2020-10-21 18:53:27',4,2,'TV Idle'),(791,'2020-07-12 05:32:21',1,1,'Thermostat ON'),(792,'2020-04-05 01:45:43',2,3,'Door is closed'),(793,'2020-08-07 20:36:02',2,1,'Door is open'),(794,'2020-08-25 16:04:40',2,1,'Door is open'),(795,'2020-07-07 05:40:01',3,3,'Light broken'),(796,'2020-05-13 11:47:35',1,3,'Unit is hot or cold'),(797,'2020-10-12 02:30:27',3,1,'Light ON'),(798,'2020-06-21 07:56:16',1,3,'Unit is hot or cold'),(799,'2020-03-05 12:27:36',2,1,'Door is open'),(800,'2020-05-31 22:18:47',1,2,'Thermostat reaching target'),(801,'2020-07-17 16:11:42',4,2,'TV Idle'),(802,'2020-02-03 09:30:05',5,1,'Fan ON'),(803,'2020-01-10 12:05:09',1,3,'Unit is hot or cold'),(804,'2020-04-18 08:37:14',1,1,'Thermostat ON'),(805,'2020-08-02 20:15:35',3,3,'Light broken'),(806,'2020-09-11 11:13:19',5,3,'Fan running for 24 hours'),(807,'2020-05-08 23:05:56',4,2,'TV Idle'),(808,'2020-09-16 05:03:25',2,3,'Door is closed'),(809,'2020-07-28 23:16:16',4,3,'TV on for 10 hours'),(810,'2020-05-16 05:01:24',1,1,'Thermostat ON'),(811,'2020-08-28 13:21:47',1,1,'Thermostat ON'),(812,'2020-08-06 09:51:19',5,3,'Fan running for 24 hours'),(813,'2020-02-13 17:07:57',5,1,'Fan ON'),(814,'2020-10-27 21:06:54',4,2,'TV Idle'),(815,'2020-10-27 06:35:34',5,2,'Fan ON at 10 degrees'),(816,'2020-07-03 08:11:14',4,3,'TV on for 10 hours'),(817,'2020-03-27 07:45:05',5,2,'Fan ON at 10 degrees'),(818,'2020-09-08 15:12:47',3,1,'Light ON'),(819,'2020-06-10 20:45:29',1,1,'Thermostat ON'),(820,'2020-03-30 12:43:28',5,3,'Fan running for 24 hours'),(821,'2020-01-24 21:14:22',1,3,'Unit is hot or cold'),(822,'2020-09-25 21:46:01',3,3,'Light broken'),(823,'2020-05-12 00:31:22',2,1,'Door is open'),(824,'2020-01-11 05:39:31',4,3,'TV on for 10 hours'),(825,'2020-05-26 10:36:28',2,2,'Door open not by you'),(826,'2020-01-09 18:48:39',1,3,'Unit is hot or cold'),(827,'2020-06-18 21:11:19',5,1,'Fan ON'),(828,'2020-06-30 08:47:06',1,1,'Thermostat ON'),(829,'2020-09-09 21:17:54',3,2,'Light OFF'),(830,'2020-03-07 08:30:16',4,3,'TV on for 10 hours'),(831,'2020-04-09 21:30:25',1,2,'Thermostat reaching target'),(832,'2020-10-25 11:39:20',2,2,'Door open not by you'),(833,'2020-01-18 05:12:00',5,2,'Fan ON at 10 degrees'),(834,'2020-05-31 17:18:30',3,1,'Light ON'),(835,'2020-08-08 21:31:31',3,1,'Light ON'),(836,'2020-05-25 01:20:50',5,3,'Fan running for 24 hours'),(837,'2020-09-17 20:06:07',1,2,'Thermostat reaching target'),(838,'2020-02-20 02:06:19',3,3,'Light broken'),(839,'2020-07-28 12:11:17',4,3,'TV on for 10 hours'),(840,'2020-02-20 16:27:23',5,1,'Fan ON'),(841,'2020-01-19 12:05:21',5,1,'Fan ON'),(842,'2020-03-30 23:02:46',5,2,'Fan ON at 10 degrees'),(843,'2020-06-01 21:22:24',5,2,'Fan ON at 10 degrees'),(844,'2020-09-10 11:18:35',3,2,'Light OFF'),(845,'2020-01-03 22:01:55',1,3,'Unit is hot or cold'),(846,'2020-03-09 23:53:49',3,3,'Light broken'),(847,'2020-09-02 19:55:56',1,3,'Unit is hot or cold'),(848,'2020-04-10 15:59:39',3,1,'Light ON'),(849,'2020-01-27 23:24:59',5,2,'Fan ON at 10 degrees'),(850,'2020-08-27 23:58:48',3,2,'Light OFF'),(851,'2020-09-20 09:24:47',4,1,'TV ON'),(852,'2020-02-03 06:42:07',4,3,'TV on for 10 hours'),(853,'2020-02-05 12:11:25',3,2,'Light OFF'),(854,'2020-01-14 13:45:01',1,2,'Thermostat reaching target'),(855,'2020-03-28 21:25:47',3,2,'Light OFF'),(856,'2020-07-07 11:07:11',1,2,'Thermostat reaching target'),(857,'2020-01-26 01:00:13',1,2,'Thermostat reaching target'),(858,'2020-08-26 15:37:11',2,1,'Door is open'),(859,'2020-08-12 19:19:40',4,3,'TV on for 10 hours'),(860,'2020-01-25 19:32:05',5,1,'Fan ON'),(861,'2020-08-26 01:27:50',2,3,'Door is closed'),(862,'2020-08-20 10:58:43',1,3,'Unit is hot or cold'),(863,'2020-10-15 06:03:24',1,3,'Unit is hot or cold'),(864,'2020-03-14 04:47:49',2,2,'Door open not by you'),(865,'2020-09-23 08:29:53',3,1,'Light ON'),(866,'2020-05-13 14:03:56',2,1,'Door is open'),(867,'2020-01-17 07:09:10',1,3,'Unit is hot or cold'),(868,'2020-03-14 19:25:41',2,3,'Door is closed'),(869,'2020-04-27 07:46:54',5,3,'Fan running for 24 hours'),(870,'2020-06-29 13:23:34',4,2,'TV Idle'),(871,'2020-05-10 09:28:47',4,3,'TV on for 10 hours'),(872,'2020-04-15 00:55:29',3,2,'Light OFF'),(873,'2020-10-29 01:24:49',2,3,'Door is closed'),(874,'2020-10-30 01:43:41',5,2,'Fan ON at 10 degrees'),(875,'2020-07-30 13:37:15',3,2,'Light OFF'),(876,'2020-08-16 13:26:57',1,3,'Unit is hot or cold'),(877,'2020-03-20 13:49:01',5,2,'Fan ON at 10 degrees'),(878,'2020-06-19 20:53:31',5,1,'Fan ON'),(879,'2020-03-29 11:39:13',2,3,'Door is closed'),(880,'2020-03-30 13:01:59',4,1,'TV ON'),(881,'2020-10-01 20:43:06',3,3,'Light broken'),(882,'2020-10-10 04:50:35',1,2,'Thermostat reaching target'),(883,'2020-09-12 17:08:02',5,2,'Fan ON at 10 degrees'),(884,'2020-09-10 06:09:29',1,2,'Thermostat reaching target'),(885,'2020-07-27 00:33:23',4,2,'TV Idle'),(886,'2020-08-22 05:33:08',3,2,'Light OFF'),(887,'2020-09-12 19:17:32',3,3,'Light broken'),(888,'2020-04-02 19:46:14',5,3,'Fan running for 24 hours'),(889,'2020-03-13 23:44:05',1,3,'Unit is hot or cold'),(890,'2020-04-11 04:01:09',2,1,'Door is open'),(891,'2020-02-13 16:32:13',2,3,'Door is closed'),(892,'2020-02-27 13:58:41',1,1,'Thermostat ON'),(893,'2020-08-04 06:59:39',4,3,'TV on for 10 hours'),(894,'2020-02-15 19:12:54',3,3,'Light broken'),(895,'2020-01-17 02:25:39',3,1,'Light ON'),(896,'2020-05-22 22:19:45',2,1,'Door is open'),(897,'2020-01-28 10:39:21',4,2,'TV Idle'),(898,'2020-01-14 23:06:29',3,3,'Light broken'),(899,'2020-10-20 05:29:18',5,2,'Fan ON at 10 degrees'),(900,'2020-05-17 05:58:17',2,2,'Door open not by you'),(901,'2020-07-27 23:23:30',5,3,'Fan running for 24 hours'),(902,'2020-08-23 21:10:30',5,1,'Fan ON'),(903,'2020-05-30 07:33:41',1,1,'Thermostat ON'),(904,'2020-03-23 20:14:11',2,2,'Door open not by you'),(905,'2020-04-06 17:36:42',1,3,'Unit is hot or cold'),(906,'2020-07-15 18:31:54',2,1,'Door is open'),(907,'2020-09-27 19:48:16',5,3,'Fan running for 24 hours'),(908,'2020-06-05 17:02:33',4,3,'TV on for 10 hours'),(909,'2020-04-13 06:01:24',5,2,'Fan ON at 10 degrees'),(910,'2020-06-01 22:58:58',2,3,'Door is closed'),(911,'2020-09-26 11:36:40',3,1,'Light ON'),(912,'2020-02-22 15:17:28',3,2,'Light OFF'),(913,'2020-06-19 08:31:34',2,1,'Door is open'),(914,'2020-04-08 02:00:17',1,2,'Thermostat reaching target'),(915,'2020-02-16 17:55:07',3,1,'Light ON'),(916,'2020-04-17 01:00:36',4,3,'TV on for 10 hours'),(917,'2020-03-29 22:04:25',3,1,'Light ON'),(918,'2020-07-05 08:30:42',1,2,'Thermostat reaching target'),(919,'2020-10-03 03:10:28',2,3,'Door is closed'),(920,'2020-03-07 05:56:45',4,2,'TV Idle'),(921,'2020-03-30 21:01:08',4,2,'TV Idle'),(922,'2020-04-23 12:35:42',2,2,'Door open not by you'),(923,'2020-05-27 18:13:40',3,2,'Light OFF'),(924,'2020-05-19 02:41:59',1,2,'Thermostat reaching target'),(925,'2020-08-13 04:22:22',4,1,'TV ON'),(926,'2020-08-13 21:17:30',5,1,'Fan ON'),(927,'2020-10-23 18:51:14',3,2,'Light OFF'),(928,'2020-08-15 10:20:59',5,3,'Fan running for 24 hours'),(929,'2020-09-11 20:08:13',5,3,'Fan running for 24 hours'),(930,'2020-02-13 00:08:59',5,3,'Fan running for 24 hours'),(931,'2020-10-18 03:20:18',5,1,'Fan ON'),(932,'2020-01-14 03:16:01',3,1,'Light ON'),(933,'2020-07-24 05:46:23',4,1,'TV ON'),(934,'2020-04-03 18:40:04',4,2,'TV Idle'),(935,'2020-05-20 02:05:05',1,3,'Unit is hot or cold'),(936,'2020-06-15 20:12:26',1,3,'Unit is hot or cold'),(937,'2020-09-04 06:50:45',3,1,'Light ON'),(938,'2020-02-19 21:55:19',1,2,'Thermostat reaching target'),(939,'2020-05-20 03:18:04',3,2,'Light OFF'),(940,'2020-10-07 01:26:35',2,3,'Door is closed'),(941,'2020-01-01 05:55:02',5,2,'Fan ON at 10 degrees'),(942,'2020-10-18 03:54:35',1,1,'Thermostat ON'),(943,'2020-02-07 01:52:57',1,2,'Thermostat reaching target'),(944,'2020-05-09 14:48:12',1,3,'Unit is hot or cold'),(945,'2020-03-30 02:48:51',5,2,'Fan ON at 10 degrees'),(946,'2020-03-14 06:25:34',4,2,'TV Idle'),(947,'2020-07-28 18:31:47',2,2,'Door open not by you'),(948,'2020-01-02 00:11:16',5,3,'Fan running for 24 hours'),(949,'2020-02-03 13:50:39',1,2,'Thermostat reaching target'),(950,'2020-01-27 02:31:23',3,3,'Light broken'),(951,'2020-03-22 05:41:58',1,2,'Thermostat reaching target'),(952,'2020-01-05 13:58:25',1,3,'Unit is hot or cold'),(953,'2020-02-08 21:20:19',3,2,'Light OFF'),(954,'2020-10-06 21:15:59',1,2,'Thermostat reaching target'),(955,'2020-07-09 20:01:12',2,3,'Door is closed'),(956,'2020-10-17 21:06:23',2,1,'Door is open'),(957,'2020-07-02 08:48:54',1,2,'Thermostat reaching target'),(958,'2020-01-28 14:52:41',2,1,'Door is open'),(959,'2020-01-11 12:11:09',2,2,'Door open not by you'),(960,'2020-04-16 00:28:03',4,1,'TV ON'),(961,'2020-07-28 18:22:47',5,3,'Fan running for 24 hours'),(962,'2020-04-14 14:32:45',2,2,'Door open not by you'),(963,'2020-06-22 06:21:53',1,2,'Thermostat reaching target'),(964,'2020-09-30 21:44:15',2,2,'Door open not by you'),(965,'2020-02-11 04:37:27',4,1,'TV ON'),(966,'2020-06-23 01:44:03',1,1,'Thermostat ON'),(967,'2020-07-11 01:55:09',1,1,'Thermostat ON'),(968,'2020-07-24 10:13:07',3,1,'Light ON'),(969,'2020-08-29 02:57:29',4,1,'TV ON'),(970,'2020-08-23 18:54:32',3,3,'Light broken'),(971,'2020-02-01 11:16:56',1,1,'Thermostat ON'),(972,'2020-03-31 21:28:32',1,1,'Thermostat ON'),(973,'2020-01-19 12:08:44',3,3,'Light broken'),(974,'2020-05-16 20:49:41',4,3,'TV on for 10 hours'),(975,'2020-01-25 09:47:02',4,2,'TV Idle'),(976,'2020-10-10 11:14:39',1,1,'Thermostat ON'),(977,'2020-04-07 11:49:37',1,2,'Thermostat reaching target'),(978,'2020-05-03 03:19:00',1,3,'Unit is hot or cold'),(979,'2020-03-24 16:17:34',5,2,'Fan ON at 10 degrees'),(980,'2020-03-07 10:57:39',1,1,'Thermostat ON'),(981,'2020-02-29 14:37:35',4,2,'TV Idle'),(982,'2020-03-07 10:00:51',1,2,'Thermostat reaching target'),(983,'2020-01-17 18:11:48',2,2,'Door open not by you'),(984,'2020-02-06 04:25:28',1,1,'Thermostat ON'),(985,'2020-02-05 07:45:19',1,2,'Thermostat reaching target'),(986,'2020-10-19 14:48:48',3,2,'Light OFF'),(987,'2020-09-30 10:25:49',5,3,'Fan running for 24 hours'),(988,'2020-05-10 13:02:44',2,3,'Door is closed'),(989,'2020-08-19 20:40:33',1,1,'Thermostat ON'),(990,'2020-03-19 13:56:41',2,3,'Door is closed'),(991,'2020-01-08 11:17:12',4,2,'TV Idle'),(992,'2020-03-08 14:13:01',3,2,'Light OFF'),(993,'2020-04-14 14:10:32',5,3,'Fan running for 24 hours'),(994,'2020-09-21 10:55:51',4,2,'TV Idle'),(995,'2020-07-05 13:48:21',1,2,'Thermostat reaching target'),(996,'2020-03-06 12:20:19',5,2,'Fan ON at 10 degrees'),(997,'2020-07-07 14:41:06',4,2,'TV Idle'),(998,'2020-03-01 22:11:51',5,3,'Fan running for 24 hours'),(999,'2020-08-01 02:48:45',2,1,'Door is open'),(1000,'2020-03-22 07:49:32',4,3,'TV on for 10');
/*!40000 ALTER TABLE `log_table` ENABLE KEYS */;
UNLOCK TABLES;
/*!40103 SET TIME_ZONE=@OLD_TIME_ZONE */;

/*!40101 SET SQL_MODE=@OLD_SQL_MODE */;
/*!40014 SET FOREIGN_KEY_CHECKS=@OLD_FOREIGN_KEY_CHECKS */;
/*!40014 SET UNIQUE_CHECKS=@OLD_UNIQUE_CHECKS */;
/*!40101 SET CHARACTER_SET_CLIENT=@OLD_CHARACTER_SET_CLIENT */;
/*!40101 SET CHARACTER_SET_RESULTS=@OLD_CHARACTER_SET_RESULTS */;
/*!40101 SET COLLATION_CONNECTION=@OLD_COLLATION_CONNECTION */;
/*!40111 SET SQL_NOTES=@OLD_SQL_NOTES */;

-- Dump completed on 2023-02-06 14:53:02
